{
    "train_loss": [
        0.9629220878705382,
        0.5808912423055839,
        0.509362926651888,
        0.46930626166217465,
        0.4307383955182398,
        0.40908653179512305,
        0.39274173827074904,
        0.3674053732744035,
        0.3688925164203872,
        0.3324051445678753,
        0.2867984720505774,
        0.26673567004720955,
        0.26236515158020396,
        0.26170269739540186,
        0.2713846397750518,
        0.24687309542616062,
        0.2545717901769368,
        0.25317114480661557,
        0.25493455549482913,
        0.2530443869832465,
        0.2413069796474541,
        0.23577838408870294,
        0.24132184072068946,
        0.23260984982035177,
        0.23832162713412852,
        0.24697119698804967,
        0.24373330037547825,
        0.2326254364897442,
        0.24122762071954854,
        0.2411100106752094,
        0.23656185487668743,
        0.2408170983989668,
        0.2436574694207486,
        0.233370621168219,
        0.2414384180036209,
        0.24293039585737622,
        0.2343956431346562,
        0.23351008501177764,
        0.23942836316521554,
        0.23955236399984536,
        0.23901709647137015
    ],
    "train_acc": [
        62.7973796115389,
        78.32433053671991,
        81.26652108952995,
        82.59970118377198,
        84.070796460177,
        84.95575221238938,
        85.63383519135732,
        86.69118492127342,
        86.47281921618205,
        87.74853465118952,
        89.74830479255257,
        90.35743018043902,
        90.78266865877485,
        90.79416159062177,
        90.28847258935754,
        90.96655556832548,
        91.11596368233536,
        90.56430295368348,
        90.74818986323412,
        91.09297781864153,
        91.33432938742673,
        91.48373750143662,
        91.46075163774279,
        91.85151132053787,
        91.78255372945638,
        91.01252729571314,
        91.50672336513044,
        91.67911734283416,
        91.58717388805884,
        91.24238593265142,
        91.69061027468108,
        91.43776577404896,
        91.3113435237329,
        91.56418802436501,
        91.69061027468108,
        91.15044247787611,
        91.86300425238478,
        91.57568095621193,
        91.42627284220204,
        91.10447075048845,
        91.64463854729341
    ],
    "val_loss": [
        0.44088872373514976,
        0.42419506916998856,
        0.33128605174244835,
        0.2806865108793906,
        0.251544465418941,
        0.25675896782302193,
        0.26900493609231463,
        0.2296729279067837,
        0.20492696686515982,
        0.207714170373372,
        0.16313786686032306,
        0.1619845385181281,
        0.1542401861868959,
        0.15256266898031737,
        0.15030098958038204,
        0.15211754555666596,
        0.15335085255606587,
        0.14775993615078545,
        0.1504762855923938,
        0.14257345490347384,
        0.14240515378219662,
        0.14289313608948154,
        0.1415313447208332,
        0.14117476919991598,
        0.14102115083419248,
        0.14308918496979905,
        0.14227285373727275,
        0.1422352367616397,
        0.1406327569373285,
        0.14082396861096208,
        0.14080555305341722,
        0.14076273034278,
        0.14056554473089106,
        0.1405916634103644,
        0.1404738245343362,
        0.14064993177175844,
        0.1406809833098902,
        0.14087000280568418,
        0.14064096557970043,
        0.1405237408088052,
        0.14050024613371193
    ],
    "val_acc": [
        83.816091954023,
        83.3103448275862,
        87.44827586206897,
        89.33333333333333,
        90.85057471264368,
        90.06896551724138,
        90.29885057471265,
        92.64367816091954,
        92.22988505747126,
        92.13793103448276,
        94.71264367816092,
        94.80459770114942,
        95.03448275862068,
        95.08045977011494,
        94.85057471264368,
        94.85057471264368,
        95.17241379310344,
        94.94252873563218,
        94.66666666666667,
        95.2183908045977,
        95.17241379310344,
        95.35632183908046,
        95.1264367816092,
        95.26436781609195,
        95.35632183908046,
        95.44827586206897,
        95.26436781609195,
        95.35632183908046,
        95.3103448275862,
        95.2183908045977,
        95.2183908045977,
        95.2183908045977,
        95.2183908045977,
        95.2183908045977,
        95.2183908045977,
        95.26436781609195,
        95.26436781609195,
        95.2183908045977,
        95.2183908045977,
        95.35632183908046,
        95.35632183908046
    ],
    "lr": [
        0.001,
        0.001,
        0.001,
        0.001,
        0.001,
        0.001,
        0.001,
        0.001,
        0.001,
        0.001,
        0.0001,
        0.0001,
        0.0001,
        0.0001,
        0.0001,
        0.0001,
        0.0001,
        0.0001,
        0.0001,
        0.0001,
        1e-05,
        1e-05,
        1e-05,
        1e-05,
        1e-05,
        1e-05,
        1e-05,
        1e-05,
        1e-05,
        1e-05,
        1.0000000000000002e-06,
        1.0000000000000002e-06,
        1.0000000000000002e-06,
        1.0000000000000002e-06,
        1.0000000000000002e-06,
        1.0000000000000002e-06,
        1.0000000000000002e-06,
        1.0000000000000002e-06,
        1.0000000000000002e-06,
        1.0000000000000002e-06,
        1.0000000000000002e-07
    ]
}